-- Adminer 4.8.1 MySQL 10.11.6-MariaDB-1:10.11.6+maria~ubu2004 dump

SET NAMES utf8;
SET time_zone = '+00:00';
SET foreign_key_checks = 0;
SET sql_mode = 'NO_AUTO_VALUE_ON_ZERO';

SET NAMES utf8mb4;

DROP TABLE IF EXISTS `category`;
CREATE TABLE `category` (
  `id` int(11) NOT NULL AUTO_INCREMENT,
  `name` varchar(255) NOT NULL,
  PRIMARY KEY (`id`)
) ENGINE=InnoDB DEFAULT CHARSET=utf8mb4 COLLATE=utf8mb4_unicode_ci;

INSERT INTO `category` (`id`, `name`) VALUES
(1,	'Entrée'),
(2,	'Plat'),
(3,	'Dessert');

DROP TABLE IF EXISTS `comment`;
CREATE TABLE `comment` (
  `id` int(11) NOT NULL AUTO_INCREMENT,
  `recipe_id` int(11) DEFAULT NULL,
  `user_id` int(11) DEFAULT NULL,
  `content` longtext NOT NULL,
  `rate` int(11) NOT NULL,
  `created_at` datetime NOT NULL COMMENT '(DC2Type:datetime_immutable)',
  `updated_at` datetime DEFAULT NULL COMMENT '(DC2Type:datetime_immutable)',
  PRIMARY KEY (`id`),
  KEY `IDX_9474526C59D8A214` (`recipe_id`),
  KEY `IDX_9474526CA76ED395` (`user_id`),
  CONSTRAINT `FK_9474526C59D8A214` FOREIGN KEY (`recipe_id`) REFERENCES `recipe` (`id`),
  CONSTRAINT `FK_9474526CA76ED395` FOREIGN KEY (`user_id`) REFERENCES `user` (`id`)
) ENGINE=InnoDB DEFAULT CHARSET=utf8mb4 COLLATE=utf8mb4_unicode_ci;

INSERT INTO `comment` (`id`, `recipe_id`, `user_id`, `content`, `rate`, `created_at`, `updated_at`) VALUES
(1,	1,	4,	'Saepe ipsa saepe enim est recusandae error. Minima sed distinctio ea autem omnis iure voluptatum. Iste sunt qui sit nemo ducimus. Dolorem repellat nihil quisquam illum animi dolor inventore.',	5,	'2024-02-26 14:02:16',	'2024-02-27 09:50:06'),
(2,	1,	3,	'Rerum quasi sed et aliquid illum inventore eveniet minus. Debitis quasi doloremque eligendi perferendis architecto quaerat voluptatem. Accusamus unde quia culpa aut blanditiis quia.',	0,	'2024-02-26 14:02:16',	NULL),
(3,	1,	6,	'Officia exercitationem ullam laudantium maiores. Ipsa repellat sapiente est asperiores et perferendis sit. Sunt culpa vero est qui occaecati unde porro in.',	1,	'2024-02-26 14:02:16',	NULL),
(4,	2,	3,	'Sint error hic labore dolorem et. Impedit nisi modi numquam ipsa nihil aut asperiores quaerat. Corporis sequi dolorum eos in ea tempore. Illum maxime quibusdam quidem inventore labore quibusdam nisi.',	4,	'2024-02-26 14:02:16',	'2024-02-27 09:52:06'),
(5,	2,	7,	'Nisi facilis dolore ut mollitia quia dolor ut. Provident quis quisquam libero at. Dolorem sunt eum expedita odio. Et enim dolor saepe dignissimos officiis dolorum.',	4,	'2024-02-26 14:02:16',	NULL),
(6,	2,	6,	'Alias accusantium similique ipsam. Ut nisi ratione velit in et harum. Voluptas id impedit et est doloribus. Sed quasi dolorem est.',	4,	'2024-02-26 14:02:16',	NULL),
(7,	3,	6,	'Pariatur omnis atque id quasi quia qui in. Quaerat dolorum rerum ratione omnis id veniam soluta. Est esse veniam maxime dolorum. Aut culpa voluptas optio hic adipisci.',	3,	'2024-02-26 14:02:16',	'2024-02-27 09:53:54'),
(8,	3,	7,	'Possimus ut et quia. Repellendus facilis ut non et ut. Laboriosam consequatur delectus voluptate nesciunt.',	3,	'2024-02-26 14:02:16',	NULL),
(9,	3,	7,	'At consequatur et aut quidem sapiente blanditiis quia sapiente. Quae est quibusdam dignissimos consequuntur. Id numquam eum aliquid eos. Id totam sint sit.',	4,	'2024-02-26 14:02:16',	NULL),
(10,	4,	4,	'Perspiciatis perspiciatis ab adipisci sit totam velit quia. Dolorum fuga omnis repudiandae optio quia quis. Praesentium facere ratione a tenetur.',	1,	'2024-02-26 14:02:16',	'2024-02-27 09:55:03'),
(11,	4,	5,	'Mollitia qui repellat aperiam eligendi. Voluptas assumenda eum sequi autem eos.',	1,	'2024-02-26 14:02:16',	NULL),
(12,	4,	7,	'Necessitatibus animi quis quod qui fugit vel doloremque. Magni delectus iure inventore et ad cupiditate est.',	2,	'2024-02-26 14:02:16',	NULL),
(13,	5,	6,	'Et et velit mollitia est hic. Soluta minima quia qui odit omnis molestias nihil. A qui autem sint voluptatem doloremque in. Iste reprehenderit incidunt error labore est optio voluptatum.',	0,	'2024-02-26 14:02:16',	'2024-02-27 09:55:35'),
(14,	5,	6,	'Accusamus quo libero officiis. Ut et et aspernatur explicabo autem quis. Blanditiis est et aperiam doloribus voluptatem. Totam omnis quia architecto architecto inventore.',	2,	'2024-02-26 14:02:16',	NULL),
(15,	5,	3,	'Est esse doloribus modi ut incidunt consequatur. Similique dolore nesciunt sit sint delectus quod eveniet. Quibusdam et inventore sed quo in.',	1,	'2024-02-26 14:02:16',	NULL),
(16,	6,	5,	'Enim dicta qui nam ut rerum sed. Iste ipsam ut placeat molestiae. Sed placeat ut dolores aut fugit maiores explicabo.',	2,	'2024-02-26 14:02:16',	'2024-02-27 09:56:12'),
(17,	6,	6,	'Incidunt ea necessitatibus ut ut error aut. Omnis qui beatae velit officiis velit aspernatur inventore.',	4,	'2024-02-26 14:02:16',	NULL),
(18,	6,	6,	'Atque rem quasi blanditiis dolores cum et. Reiciendis ab mollitia voluptatem quaerat facilis sed et. At in ut optio est.',	1,	'2024-02-26 14:02:16',	NULL),
(19,	7,	6,	'Repellendus magni laborum vel. Inventore blanditiis sed voluptatibus ut.',	3,	'2024-02-26 14:02:16',	'2024-02-27 09:56:25'),
(20,	7,	6,	'Quia labore a et quia vel ut tenetur. Ipsum nihil et illo. Nulla voluptatem harum voluptas saepe aspernatur eveniet eligendi. Velit quos libero velit unde dolorum sit.',	5,	'2024-02-26 14:02:16',	NULL),
(21,	7,	6,	'Amet quibusdam assumenda asperiores adipisci laborum distinctio. Ut quia minima dolore et veniam inventore repellendus cupiditate. Quo sunt sed assumenda blanditiis dolor.',	1,	'2024-02-26 14:02:16',	NULL),
(22,	8,	7,	'Ut fugiat et voluptas deserunt nihil. Temporibus amet suscipit id et cum. Odio blanditiis officia et nihil tempore est.',	3,	'2024-02-26 14:02:16',	'2024-02-27 09:56:42'),
(23,	8,	5,	'Illum voluptatibus dolorem placeat delectus sed aut. Dignissimos et delectus qui nostrum inventore velit.',	2,	'2024-02-26 14:02:16',	NULL),
(24,	8,	7,	'Dignissimos non ducimus recusandae quia labore. Consequatur rerum inventore quaerat. Sed perspiciatis saepe quia voluptatibus veniam quod.',	1,	'2024-02-26 14:02:16',	NULL),
(25,	9,	5,	'Numquam dolores necessitatibus qui et nihil sapiente. Quo id velit quis aut ut soluta voluptatum quia.',	4,	'2024-02-26 14:02:16',	'2024-02-27 09:56:57'),
(26,	9,	6,	'Nostrum et sit quis quo. Dolorem iste eaque ea quo. Similique cupiditate voluptas deleniti fuga non beatae.',	4,	'2024-02-26 14:02:16',	NULL),
(27,	9,	7,	'Incidunt non qui fugiat voluptas. Modi dolor aspernatur dignissimos dolorem aperiam. Ut vel cupiditate assumenda dolor quam quae et.',	3,	'2024-02-26 14:02:16',	NULL),
(28,	10,	4,	'Sapiente molestiae inventore ullam ex in quam. Magni illum facere omnis id. Dolorem non est perspiciatis et consequatur ducimus qui.',	5,	'2024-02-26 14:02:16',	'2024-02-27 09:57:21'),
(29,	10,	7,	'Minus ratione veritatis est in quia. Dolores minus voluptas aliquam est omnis unde. Magnam animi suscipit sunt nam enim. Deserunt autem praesentium dolore dolor cupiditate libero temporibus omnis.',	1,	'2024-02-26 14:02:16',	NULL),
(30,	10,	7,	'Voluptatem et similique error itaque in qui aut harum. Et esse amet minima corporis asperiores tempora impedit deserunt. Et possimus aut qui asperiores eligendi pariatur labore.',	1,	'2024-02-26 14:02:16',	NULL),
(31,	11,	5,	'Nesciunt quia aut dolores nihil porro excepturi error. Et aut error rerum rerum veritatis voluptate. Voluptatem et hic id officia. Et consequuntur ex consectetur expedita quis voluptatum.',	2,	'2024-02-26 14:02:16',	'2024-02-27 09:57:36'),
(32,	11,	5,	'Et sapiente earum occaecati vel. Animi maiores iure distinctio eos. Unde aut consectetur labore ipsam reiciendis perspiciatis doloribus. Id quaerat officia in.',	2,	'2024-02-26 14:02:16',	NULL),
(33,	11,	7,	'Facilis voluptatum debitis cupiditate ad quod dolorem. Blanditiis incidunt nemo architecto dolor ut qui. Facilis ipsam qui hic enim alias veritatis.',	0,	'2024-02-26 14:02:16',	NULL),
(34,	12,	4,	'In doloribus est similique aut culpa molestias rerum aut. Sed magni perspiciatis labore perferendis consequatur. Temporibus unde qui minus. Enim tempora tempore tempora repudiandae hic est et.',	2,	'2024-02-26 14:02:17',	'2024-02-27 09:57:51'),
(35,	12,	5,	'Suscipit rem ut suscipit corrupti et animi veniam. Alias et nihil non quos. Recusandae voluptatem laboriosam ad ut quasi iure esse. Cumque aliquam odit facere sit.',	4,	'2024-02-26 14:02:17',	NULL),
(36,	12,	4,	'Illo accusantium aliquam vitae officia quia ea alias aut. Fuga dolores reiciendis eos non odit ex. Voluptatum aperiam qui assumenda consequuntur.',	5,	'2024-02-26 14:02:17',	NULL),
(37,	13,	4,	'Accusantium totam ut est assumenda voluptas. Et rerum velit qui minima aliquid cumque.',	3,	'2024-02-26 14:02:17',	'2024-02-27 09:58:05'),
(38,	13,	7,	'In officiis esse non velit autem alias iure. Quia aut sint consequuntur voluptas optio. Autem voluptate in deleniti aliquam ad autem saepe.',	4,	'2024-02-26 14:02:17',	NULL),
(39,	13,	6,	'Sint cupiditate accusantium voluptatem dolores aliquam. Quia quibusdam temporibus hic. Velit cupiditate dolores officia et.',	4,	'2024-02-26 14:02:17',	NULL),
(40,	14,	4,	'Sed repudiandae quis dolorem voluptatem impedit sapiente quo. Exercitationem dolorem molestias et neque vitae et molestiae. Eius aut expedita enim minus fuga nemo a.',	5,	'2024-02-26 14:02:17',	'2024-02-27 09:58:21'),
(41,	14,	7,	'At totam ipsa quas architecto. Facere ut omnis maxime aut harum aspernatur. Rerum eum iusto temporibus ut et. Et soluta eos et in labore minus. Et cumque sint ut in aperiam. Nobis ut ea sit nesciunt.',	4,	'2024-02-26 14:02:17',	NULL),
(42,	14,	4,	'Perferendis officiis et minima architecto. Impedit et consectetur est provident non. Nihil veritatis dolores tempora consequuntur corporis et dolor neque.',	2,	'2024-02-26 14:02:17',	NULL),
(43,	15,	7,	'Quisquam architecto magni est voluptates et ut accusantium debitis. Voluptatem eius eos odit. Corporis incidunt placeat placeat nemo nostrum ipsa harum. Deserunt eos sed possimus non.',	3,	'2024-02-26 14:02:17',	'2024-02-27 09:58:53'),
(44,	15,	4,	'Ut provident provident omnis iusto et minus ut atque. Neque eum quia modi quis optio et. Veritatis omnis soluta similique eaque et.',	0,	'2024-02-26 14:02:17',	NULL),
(45,	15,	4,	'Voluptas expedita consectetur at dolor ullam incidunt molestiae et. Ut autem dolorem cum eum placeat. Sed sit neque dolorem corrupti reprehenderit culpa. Dolorum eum voluptatem ut error in.',	2,	'2024-02-26 14:02:17',	NULL),
(46,	16,	4,	'Quisquam architecto magni est voluptates et ut accusantium debitis. Voluptatem eius eos odit. Corporis incidunt placeat placeat nemo nostrum ipsa harum. Deserunt eos sed possimus non.',	3,	'2024-02-26 14:02:17',	'2024-02-27 09:58:58'),
(47,	16,	4,	'Quis voluptatibus molestiae ut incidunt debitis quia doloremque. Voluptas sit voluptatem rem exercitationem mollitia et voluptatem. Ipsam temporibus aut qui veritatis quam repellendus quo ducimus.',	1,	'2024-02-26 14:02:17',	NULL),
(48,	16,	3,	'Nihil minus inventore quia delectus voluptas aut rerum. Voluptatibus sint voluptatibus tempore iusto. Assumenda ut magnam veritatis maxime.',	0,	'2024-02-26 14:02:17',	NULL),
(49,	17,	3,	'Laudantium quia labore repudiandae excepturi. Aut ut maiores quo qui corporis ratione. Reprehenderit eveniet quos sed. A iure aut odio minima incidunt.',	1,	'2024-02-26 14:02:17',	'2024-02-27 09:59:17'),
(50,	17,	6,	'In deserunt odit tenetur doloribus sed quidem. Quisquam quo iusto laborum quia incidunt totam voluptatem accusantium. Nemo incidunt ipsum vero et voluptas.',	2,	'2024-02-26 14:02:17',	NULL),
(51,	17,	6,	'Corporis iusto dolor eos labore sit. Molestiae pariatur at dolorem nihil hic accusantium magnam. Officiis a suscipit hic. Qui porro expedita quasi commodi voluptas aut.',	4,	'2024-02-26 14:02:17',	NULL),
(52,	18,	5,	'Sed non laboriosam voluptatum soluta fuga dolorem. Repudiandae facilis in excepturi esse. Id corporis ipsam voluptas consectetur. Labore accusamus ut accusamus officiis ea eos repellendus.',	1,	'2024-02-26 14:02:17',	'2024-02-27 10:00:29'),
(53,	18,	3,	'Voluptates et accusamus soluta. Inventore tempore voluptates omnis est. Hic explicabo illum nulla commodi. Libero molestiae repudiandae quia eum odio. Et ea fuga dolorem officia corporis.',	3,	'2024-02-26 14:02:17',	NULL),
(54,	18,	3,	'Voluptatem velit necessitatibus sint. Maxime alias vel iste dolorem illum aut. Odio doloremque aut rem quibusdam.',	3,	'2024-02-26 14:02:17',	NULL),
(55,	19,	5,	'Illo enim cumque aut repellendus. Velit sed facilis temporibus a optio. Nisi quisquam error vel maiores natus. Dolore aut sit impedit quia dolore in.',	5,	'2024-02-26 14:02:17',	'2024-02-27 10:00:45'),
(56,	19,	3,	'Et vel perspiciatis quis omnis. Ipsam eum pariatur sed iusto inventore ut aliquam atque. Voluptas placeat quod incidunt earum et excepturi. Nihil modi est non quis minus odit.',	0,	'2024-02-26 14:02:17',	NULL),
(57,	19,	7,	'Occaecati possimus laborum non est repellat laudantium possimus. Consequatur et fuga reiciendis tenetur. Laboriosam praesentium sapiente deleniti optio nulla et.',	1,	'2024-02-26 14:02:17',	NULL),
(58,	20,	7,	'Sit enim quisquam ut aut. Deleniti qui voluptatem id sunt nesciunt nostrum eum vel. Et ullam fugiat facere quo non porro.',	5,	'2024-02-26 14:02:17',	'2024-02-27 10:01:00'),
(59,	20,	4,	'Aut qui sequi debitis aperiam vitae. Sed tenetur ipsam facere autem suscipit omnis incidunt. Voluptas ratione voluptatibus ut illum excepturi est illum. Eos necessitatibus dolores ut accusamus.',	2,	'2024-02-26 14:02:17',	NULL),
(60,	20,	4,	'Aut perferendis libero itaque beatae quidem nesciunt odio cupiditate. Illo ut eveniet rerum blanditiis dolores ut officia.',	0,	'2024-02-26 14:02:17',	NULL),
(61,	21,	5,	'Illum quibusdam nostrum quasi quis. Veniam atque reiciendis facilis qui dicta cumque ab. In consequatur dicta consequatur error doloribus dolore eum. Nulla repellendus corrupti magni.',	3,	'2024-02-26 14:02:17',	'2024-02-27 10:01:18'),
(62,	21,	6,	'Vel eum architecto nam eos consequatur. Nobis repellat qui rerum ut consequatur et. Sequi fuga veniam sit quo quibusdam a. Ab fuga suscipit eum enim nihil maiores ut sapiente.',	2,	'2024-02-26 14:02:17',	NULL),
(63,	21,	7,	'Odio enim vel ut ab voluptatem dolore natus eum. Culpa odit vel est sapiente. Temporibus consequatur a dolorem doloribus aliquid tenetur qui aspernatur. Quo quia et explicabo.',	3,	'2024-02-26 14:02:17',	NULL),
(64,	22,	6,	'Omnis commodi eos qui sit enim. Voluptatibus voluptatem accusamus nobis voluptas. Itaque aut aut vero totam.',	0,	'2024-02-26 14:02:17',	'2024-02-27 10:01:42'),
(65,	22,	3,	'Ea quibusdam in illum aut aut. Beatae ipsum nostrum similique porro maiores ullam. Eos porro iste maxime aut animi.',	1,	'2024-02-26 14:02:17',	NULL),
(66,	22,	4,	'Laborum cupiditate ea et nobis quia ipsum et. Quod et est fuga accusamus dolorem et voluptatem laudantium. Et dicta temporibus consequatur nesciunt. Molestiae et aspernatur sit aut eaque aliquam.',	3,	'2024-02-26 14:02:17',	NULL),
(67,	23,	3,	'Neque sunt sit sequi consequatur blanditiis inventore. Dolore dolores consequatur provident rerum eos iusto. Quam consequatur fuga aut. Quia provident vel incidunt suscipit.',	0,	'2024-02-26 14:02:17',	'2024-02-27 10:01:59'),
(68,	23,	3,	'Perferendis exercitationem laborum vero quia. Ad iure pariatur fuga sapiente cupiditate. Eum quis eligendi quo voluptas odit magni. Doloremque quis harum in rerum id expedita officia totam.',	1,	'2024-02-26 14:02:17',	NULL),
(69,	23,	5,	'Enim commodi eum quia et enim quia. Et animi voluptas nesciunt. Ad velit repudiandae sed dolores nihil adipisci exercitationem. Ut amet ullam ea totam provident.',	2,	'2024-02-26 14:02:17',	NULL),
(70,	24,	3,	'Et impedit iusto aut natus sed. Illum explicabo laborum explicabo ipsam illum quaerat magnam. Ea minima qui delectus accusamus aut.',	4,	'2024-02-26 14:02:17',	'2024-02-27 10:02:26'),
(71,	24,	6,	'Itaque corrupti eos eos fugiat et. Repellendus exercitationem velit voluptas temporibus nesciunt natus. Deserunt sapiente natus voluptas magni architecto. Minus excepturi voluptas officia.',	5,	'2024-02-26 14:02:17',	NULL),
(72,	24,	4,	'Ut eum ut quia et sit molestias corrupti. Ut error veritatis reiciendis et dolorem impedit quas. Iure cumque numquam accusantium recusandae.',	2,	'2024-02-26 14:02:17',	NULL),
(73,	25,	3,	'Et impedit iusto aut natus sed. Illum explicabo laborum explicabo ipsam illum quaerat magnam. Ea minima qui delectus accusamus aut.',	4,	'2024-02-26 14:02:17',	'2024-02-27 10:02:29'),
(74,	25,	7,	'Veniam quam quaerat reprehenderit. Rem corrupti ex ad deleniti.',	4,	'2024-02-26 14:02:17',	NULL),
(75,	25,	7,	'Magnam est cumque impedit sed commodi velit. Occaecati non dicta placeat voluptatem sequi excepturi tempora eligendi. Aspernatur expedita impedit facere veritatis. Doloremque modi quia est.',	5,	'2024-02-26 14:02:17',	NULL),
(76,	26,	7,	'Aut sint nulla quia aperiam harum suscipit. Est dicta aut earum ea labore natus. Sit laborum est et.',	1,	'2024-02-26 14:02:17',	'2024-02-27 10:02:50'),
(77,	26,	5,	'Officia porro tempore quo architecto iste consequatur. Dolorem vel et voluptas dolor facilis.',	2,	'2024-02-26 14:02:17',	NULL),
(78,	26,	6,	'Repellendus nisi officia sunt. Dolore cupiditate ipsa quisquam cumque voluptates possimus et harum. Vel repellat atque sunt dolorum repellendus.',	0,	'2024-02-26 14:02:17',	NULL),
(79,	27,	5,	'Occaecati eum veritatis a id ut. Pariatur voluptatum ut tenetur impedit quas.',	3,	'2024-02-26 14:02:17',	'2024-02-27 10:03:03'),
(80,	27,	4,	'Est facere omnis et architecto. Omnis in quia odio non molestiae. Laudantium molestias et quas vitae.',	1,	'2024-02-26 14:02:17',	NULL),
(81,	27,	4,	'Architecto mollitia quo voluptatem. Repellendus ut nihil optio. Officia natus illo laboriosam voluptas. Aspernatur sit consequatur ex et pariatur ab.',	0,	'2024-02-26 14:02:17',	NULL),
(82,	28,	7,	'Iure et molestiae ut laudantium. Error quibusdam nihil tenetur ut. Est qui ex qui rerum. Et aut consequatur est. A ut eum beatae aliquam ipsam.',	4,	'2024-02-26 14:02:17',	'2024-02-27 10:03:18'),
(83,	28,	4,	'Quaerat ipsum voluptas fugiat. Impedit id temporibus iusto qui id molestias. Voluptate assumenda esse aliquam repellendus et impedit. In nam odio aut minima ex.',	1,	'2024-02-26 14:02:17',	NULL),
(84,	28,	5,	'Voluptas molestiae ad tempore ut aut blanditiis a excepturi. Aliquam nostrum aut libero est. Nisi dolor porro nihil minus quae aspernatur.',	2,	'2024-02-26 14:02:17',	NULL),
(85,	29,	6,	'Iste voluptas et error adipisci assumenda. Quaerat earum libero ullam asperiores reiciendis. Qui modi maiores veniam veritatis. Consequatur maxime atque inventore ipsum cupiditate eaque.',	0,	'2024-02-26 14:02:17',	'2024-02-27 10:03:34'),
(86,	29,	6,	'Non debitis dolores reiciendis veritatis porro. Praesentium beatae est ut doloremque. Optio fugit aut est corporis odit voluptatum aliquam.',	5,	'2024-02-26 14:02:17',	NULL),
(87,	29,	4,	'Velit ex consectetur veniam sed nemo voluptates non deleniti. Dignissimos omnis ut iusto laborum. Sed ut quia hic. Ut qui molestias id sed.',	1,	'2024-02-26 14:02:17',	NULL),
(88,	30,	6,	'Est sapiente fuga ut veritatis possimus. Blanditiis quis voluptatem vel et eos. Debitis doloribus asperiores corporis dolorum. Asperiores tenetur eaque quo hic molestiae nobis asperiores mollitia.',	2,	'2024-02-26 14:02:17',	'2024-02-27 10:03:48'),
(89,	30,	6,	'Occaecati nam voluptas vitae eum ipsa sed quos. Dicta error rerum in et provident est odio neque. Nulla qui velit incidunt rerum.',	2,	'2024-02-26 14:02:17',	NULL),
(90,	30,	6,	'Dicta rerum deleniti temporibus excepturi aut. Sed perferendis veniam esse iusto ut. Voluptates esse cumque nam aliquam et assumenda quo. Id odit fugit et molestias natus corrupti.',	5,	'2024-02-26 14:02:17',	NULL);

DROP TABLE IF EXISTS `doctrine_migration_versions`;
CREATE TABLE `doctrine_migration_versions` (
  `version` varchar(191) NOT NULL,
  `executed_at` datetime DEFAULT NULL,
  `execution_time` int(11) DEFAULT NULL,
  PRIMARY KEY (`version`)
) ENGINE=InnoDB DEFAULT CHARSET=utf8mb3 COLLATE=utf8mb3_unicode_ci;

INSERT INTO `doctrine_migration_versions` (`version`, `executed_at`, `execution_time`) VALUES
('DoctrineMigrations\\Version20240226140157',	'2024-02-26 14:02:09',	683);

DROP TABLE IF EXISTS `ingredient`;
CREATE TABLE `ingredient` (
  `id` int(11) NOT NULL AUTO_INCREMENT,
  `name` varchar(255) NOT NULL,
  `unit` varchar(50) NOT NULL,
  PRIMARY KEY (`id`)
) ENGINE=InnoDB DEFAULT CHARSET=utf8mb4 COLLATE=utf8mb4_unicode_ci;

INSERT INTO `ingredient` (`id`, `name`, `unit`) VALUES
(1,	'Quinoa',	'mL'),
(2,	'Noix de cajou',	'bouteille'),
(3,	'Riz',	'kg'),
(4,	'Bœuf',	'verre'),
(5,	'Dorade',	'mL'),
(6,	'Farine',	'L'),
(7,	'Haricot vert',	'tranche'),
(8,	'Carotte',	'pincée'),
(9,	'Dorade',	'c. à soupe'),
(10,	'Basilic',	'c. à café'),
(11,	'Oignon',	'c. à soupe'),
(12,	'Farine',	'L'),
(13,	'Riz',	'pinte'),
(14,	'Pomme',	'pincée'),
(15,	'Carotte',	'tasse'),
(16,	'Poivre',	'pinte'),
(17,	'Courgette',	'cl'),
(18,	'Citron',	'filet'),
(19,	'Oignon',	'c. à soupe'),
(20,	'Haricot vert',	'bouteille'),
(21,	'Agneau',	'brin'),
(22,	'Orange',	'c. à soupe'),
(23,	'Porc',	'c. à café'),
(24,	'Fraise',	'mL'),
(25,	'Ail',	'filet'),
(26,	'Fraise',	'cl'),
(27,	'Crozet',	'bouteille'),
(28,	'Pomme de terre',	'pincée'),
(29,	'Brocoli',	'pinte'),
(30,	'Fraise',	'L'),
(31,	'Fraise',	'verre'),
(32,	'Haricot vert',	'bouteille'),
(33,	'Sel',	'pinte'),
(34,	'Cabillaud',	'feuille'),
(35,	'Sucre-glace',	'feuille'),
(36,	'Pâtes',	'mL'),
(37,	'Canard',	'pinte'),
(38,	'Basilic',	'c. à soupe'),
(39,	'Porc',	'verre'),
(40,	'Miel',	'bouquet'),
(41,	'Citron',	'brin'),
(42,	'Vinaigre',	'filet'),
(43,	'Patates douces',	'bouteille'),
(44,	'Riz',	'filet'),
(45,	'Poivron',	'filet'),
(46,	'Thon',	'bouteille'),
(47,	'Farine',	'tranche'),
(48,	'Pomme de terre',	'verre'),
(49,	'Farine',	'gousse'),
(50,	'Sel',	'pinte'),
(51,	'Pignons de pin',	'gr'),
(52,	'Dorade',	'cl'),
(53,	'Poivre',	'kg'),
(54,	'Huile d\'olive',	'kg'),
(55,	'Basilic',	'verre'),
(56,	'Tomate',	'c. à café'),
(57,	'Quinoa',	'c. à café'),
(58,	'Bœuf',	'bouteille'),
(59,	'Patates douces',	'gr'),
(60,	'Fraise',	'L'),
(61,	'Beurre',	'bouteille'),
(62,	'Crozet',	'pincée'),
(63,	'Persil',	'filet'),
(64,	'Pâtes',	'filet'),
(65,	'Citron',	'c. à café'),
(66,	'Fraise',	'tasse'),
(67,	'Dorade',	'mL'),
(68,	'Saumon',	'bouteille'),
(69,	'Basilic',	'pincée'),
(70,	'Brocoli',	'brin'),
(71,	'Blé',	'kg'),
(72,	'Farine',	'gr'),
(73,	'Thon',	'bouteille'),
(74,	'Aubergine',	'tranche'),
(75,	'Bar',	'quart'),
(76,	'Poivre',	'gousse'),
(77,	'Crème fraîche',	'L'),
(78,	'Basilic',	'brin'),
(79,	'Fraise',	'filet'),
(80,	'Persil',	'pincée'),
(81,	'Poivre',	'feuille'),
(82,	'Pomme de terre',	'feuille'),
(83,	'Poivre',	'brin'),
(84,	'Beurre',	'mL'),
(85,	'Persil',	'bouquet'),
(86,	'Cabillaud',	'L'),
(87,	'Poireau',	'gr'),
(88,	'Thon',	'tasse'),
(89,	'Saumon',	'bouquet'),
(90,	'Amandes',	'feuille');

DROP TABLE IF EXISTS `quantity`;
CREATE TABLE `quantity` (
  `id` int(11) NOT NULL AUTO_INCREMENT,
  `ingredient_id` int(11) DEFAULT NULL,
  `recipe_id` int(11) DEFAULT NULL,
  `quantity` int(11) NOT NULL,
  PRIMARY KEY (`id`),
  KEY `IDX_9FF31636933FE08C` (`ingredient_id`),
  KEY `IDX_9FF3163659D8A214` (`recipe_id`),
  CONSTRAINT `FK_9FF3163659D8A214` FOREIGN KEY (`recipe_id`) REFERENCES `recipe` (`id`),
  CONSTRAINT `FK_9FF31636933FE08C` FOREIGN KEY (`ingredient_id`) REFERENCES `ingredient` (`id`)
) ENGINE=InnoDB DEFAULT CHARSET=utf8mb4 COLLATE=utf8mb4_unicode_ci;

INSERT INTO `quantity` (`id`, `ingredient_id`, `recipe_id`, `quantity`) VALUES
(1,	1,	1,	232),
(2,	2,	1,	447),
(3,	3,	1,	11),
(4,	4,	2,	429),
(5,	5,	2,	344),
(6,	6,	2,	116),
(7,	7,	3,	185),
(8,	8,	3,	540),
(9,	9,	3,	569),
(10,	10,	4,	63),
(11,	11,	4,	642),
(12,	12,	4,	455),
(13,	13,	5,	184),
(14,	14,	5,	438),
(15,	15,	5,	221),
(16,	16,	6,	307),
(17,	17,	6,	241),
(18,	18,	6,	10),
(19,	19,	7,	557),
(20,	20,	7,	262),
(21,	21,	7,	515),
(22,	22,	8,	417),
(23,	23,	8,	367),
(24,	24,	8,	328),
(25,	25,	9,	559),
(26,	26,	9,	88),
(27,	27,	9,	192),
(28,	28,	10,	266),
(29,	29,	10,	408),
(30,	30,	10,	10),
(31,	31,	11,	579),
(32,	32,	11,	104),
(33,	33,	11,	487),
(34,	34,	12,	367),
(35,	35,	12,	96),
(36,	36,	12,	400),
(37,	37,	13,	626),
(38,	38,	13,	13),
(39,	39,	13,	356),
(40,	40,	14,	133),
(41,	41,	14,	211),
(42,	42,	14,	402),
(43,	43,	15,	563),
(44,	44,	15,	527),
(45,	45,	15,	630),
(46,	46,	16,	613),
(47,	47,	16,	318),
(48,	48,	16,	396),
(49,	49,	17,	137),
(50,	50,	17,	452),
(51,	51,	17,	418),
(52,	52,	18,	436),
(53,	53,	18,	444),
(54,	54,	18,	548),
(55,	55,	19,	547),
(56,	56,	19,	230),
(57,	57,	19,	105),
(58,	58,	20,	545),
(59,	59,	20,	616),
(60,	60,	20,	146),
(61,	61,	21,	316),
(62,	62,	21,	187),
(63,	63,	21,	381),
(64,	64,	22,	631),
(65,	65,	22,	505),
(66,	66,	22,	553),
(67,	67,	23,	296),
(68,	68,	23,	223),
(69,	69,	23,	582),
(70,	70,	24,	455),
(71,	71,	24,	125),
(72,	72,	24,	383),
(73,	73,	25,	499),
(74,	74,	25,	148),
(75,	75,	25,	480),
(76,	76,	26,	164),
(77,	77,	26,	179),
(78,	78,	26,	278),
(79,	79,	27,	537),
(80,	80,	27,	143),
(81,	81,	27,	10),
(82,	82,	28,	20),
(83,	83,	28,	149),
(84,	84,	28,	51),
(85,	85,	29,	251),
(86,	86,	29,	504),
(87,	87,	29,	484),
(88,	88,	30,	280),
(89,	89,	30,	296),
(90,	90,	30,	331);

DROP TABLE IF EXISTS `recipe`;
CREATE TABLE `recipe` (
  `id` int(11) NOT NULL AUTO_INCREMENT,
  `category_id` int(11) DEFAULT NULL,
  `user_id` int(11) DEFAULT NULL,
  `name` varchar(255) NOT NULL,
  `description` longtext NOT NULL,
  `picture` longtext NOT NULL,
  `slug` varchar(255) DEFAULT NULL,
  `rate` int(11) DEFAULT NULL,
  `created_at` datetime NOT NULL COMMENT '(DC2Type:datetime_immutable)',
  `update_at` datetime DEFAULT NULL COMMENT '(DC2Type:datetime_immutable)',
  `step` longtext DEFAULT NULL,
  PRIMARY KEY (`id`),
  KEY `IDX_DA88B13712469DE2` (`category_id`),
  KEY `IDX_DA88B137A76ED395` (`user_id`),
  CONSTRAINT `FK_DA88B13712469DE2` FOREIGN KEY (`category_id`) REFERENCES `category` (`id`),
  CONSTRAINT `FK_DA88B137A76ED395` FOREIGN KEY (`user_id`) REFERENCES `user` (`id`)
) ENGINE=InnoDB DEFAULT CHARSET=utf8mb4 COLLATE=utf8mb4_unicode_ci;

INSERT INTO `recipe` (`id`, `category_id`, `user_id`, `name`, `description`, `picture`, `slug`, `rate`, `created_at`, `update_at`, `step`) VALUES
(1,	3,	6,	'Boeuf bourguignon',	'Voluptas non aut necessitatibus earum suscipit fugiat aspernatur. Perspiciatis et quia labore rerum ad.',	'https://images-ext-2.discordapp.net/external/8pO059qZCT-GQN6fAs0CAUHjKqq0VLv_HDmPrtTPIGk/%3Fq%3Dtbn%3AANd9GcToA6z0TlDxF5ZWVuKM0LgyhvUrzEtj9XkRlQ%26usqp%3DCAU/https/encrypted-tbn0.gstatic.com/images?format=webp',	'boeuf-bourguignon',	2,	'2024-02-26 14:02:16',	'2024-02-27 09:50:15',	'Etape 1 : Ut ullam inventore nihil nemo. Aut culpa est deserunt doloribus velit. Ut et harum sapiente laboriosam.. Etape 2 : Ut omnis omnis assumenda aut enim nulla praesentium. Accusamus minus ut explicabo eum nihil et. Et non magni quo laudantium ipsam repudiandae quis.. Etape 3 : Totam voluptates dolor consequatur consectetur reiciendis. Alias nisi veniam adipisci similique assumenda debitis. Atque mollitia deserunt sed illo.. Etape 4 : Facilis atque et ut perspiciatis modi expedita velit. Nesciunt blanditiis quibusdam ratione maxime dignissimos est. Officia exercitationem consequatur quis libero aspernatur.'),
(2,	2,	7,	'Poulet rôti',	'Nihil eius cum cum et aut illo minima. Illo rerum modi nobis qui rerum eaque. Neque in sint occaecati quo a laboriosam qui. Perferendis in delectus cumque doloremque placeat in.',	'https://images-ext-1.discordapp.net/external/o7-W0zKYG19CQe4vaiXBQZ1EOfR-C68yTPEhXspGqa8/https/recette.supertoinette.com/155452/mp/poulet-roti.webp?format=webp',	'poulet-roti',	4,	'2024-02-26 14:02:16',	NULL,	'Etape 1 : Commodi quia nemo dolor dolorem corrupti ab. Sint repellat quisquam sed voluptatem.. Etape 2 : Id voluptatem ex unde rerum. Repellendus quae aspernatur ut. Doloribus esse magni voluptate ducimus iste.. Etape 3 : Non quia dolores ipsum odit totam non rerum aliquam. Totam possimus alias voluptatem maiores natus et id.. Etape 4 : Molestias non non quia quas rem. Eos culpa aut iste in tenetur minus nobis quae. Unde optio non alias fugiat. Distinctio eaque quas est sed sit voluptatem.'),
(3,	3,	3,	'Spaghetti carbonara',	'Illum quia non rerum a possimus voluptatibus sunt. Eos ut id exercitationem sit accusamus quod. Qui tenetur adipisci id beatae ut voluptatem sequi.',	'https://images-ext-1.discordapp.net/external/P28dK8KWnNeVQ5VVdXBvRxFos0UXG8c8N2ud6HygzpY/%3Fq%3Dtbn%3AANd9GcRNp-8J846K3J_C4xgdd30eNadSd2euerd3JQ%26usqp%3DCAU/https/encrypted-tbn0.gstatic.com/images?format=webp',	'spaghetti-carbonara',	3,	'2024-02-26 14:02:16',	NULL,	'Etape 1 : Dolorem assumenda magnam qui dicta dolores. At quo recusandae odit quis ut voluptatem sunt.. Etape 2 : Velit rem ab qui voluptas. Perferendis autem rerum est cumque tempora voluptas quasi. Voluptas laboriosam commodi cum officiis suscipit.. Etape 3 : Delectus aliquam velit modi facere excepturi cum cum. Sed reprehenderit deserunt cumque a. Deserunt nam autem voluptatem voluptate ea eos accusamus.. Etape 4 : Illo rerum sint unde optio aut possimus. Cupiditate neque consectetur ad eligendi. Aut sapiente vel et aperiam.'),
(4,	1,	4,	'Salade César',	'Ut ipsa omnis fugit nostrum qui est architecto consequatur. Temporibus quae minus inventore provident architecto commodi. Impedit blanditiis aut exercitationem aperiam.',	'https://images-ext-1.discordapp.net/external/hsIbbvz9LNdp2XvAagqd_9Wrb7GOGJ1QTQr9m6yCMbw/https/img.hellofresh.com/f_auto%2Cfl_lossy%2Cq_auto%2Cw_1200/hellofresh_s3/image/5c794b0be3f3396cd0285664-6cea7001.jpg?format=webp&width=1007&height=671',	'salade-cesar',	1,	'2024-02-26 14:02:16',	NULL,	'Etape 1 : Non fuga esse sapiente aperiam tempore sed. Dolores autem nihil officiis perferendis. Et quis error ut delectus.. Etape 2 : Qui molestiae sed recusandae ut perspiciatis. Possimus eum sed aut rerum. Ullam sint sint adipisci. Autem quidem qui tempore impedit.. Etape 3 : Ut dolores animi et sint. Earum doloribus quas ab similique ab minus.. Etape 4 : Dolores a beatae sequi unde. Molestiae dolore quas omnis repellat reiciendis quia. Aut est ut et et qui aliquid est. Voluptas autem quia et odit consequuntur non.'),
(5,	2,	6,	'Ratatouille',	'Ipsam explicabo eaque necessitatibus enim reiciendis ut. Facere vero ipsum ipsum sed occaecati.',	'https://images-ext-2.discordapp.net/external/ZOGqOZMJKPvFLw86ydRM028JO_4Q4UhN3OZaot7E-XA/%3Fq%3Dtbn%3AANd9GcRaLLVrhr5vQ549W8H3xkfk5EEezKNuAVDKQw%26usqp%3DCAU/https/encrypted-tbn0.gstatic.com/images?format=webp',	'ratatouille',	1,	'2024-02-26 14:02:16',	NULL,	'Etape 1 : Illum laborum vitae rem ullam fuga non et. Similique commodi ut alias quis. Ut tempora maiores non ullam est.. Etape 2 : Molestiae voluptatem et omnis voluptas qui. Aut accusantium voluptas consectetur non voluptatem nostrum minima.. Etape 3 : Adipisci aut voluptates fugit consequatur quam doloremque dicta. Iste sint ad aut vel illum. Eum eum ducimus aut iure rerum quae.. Etape 4 : Asperiores et qui velit sequi consequatur. Occaecati omnis eum necessitatibus animi. Adipisci ea consequuntur ut qui ut id. Est ullam id quidem in quam.'),
(6,	3,	3,	'Quiche lorraine',	'Nesciunt repudiandae illo impedit ex debitis hic aut. Reiciendis aspernatur sint sunt quos et sit rem. Officia expedita harum rerum sed voluptatem. Ut aut vitae consequuntur in et.',	'https://images-ext-2.discordapp.net/external/BRhG2V2VL8hvCRyspS117ZD65mAjrW_pd3MCYZTFEP4/%3Fq%3Dtbn%3AANd9GcQENkaqF5WNSvWyG7_sO2j3h9X1f37mDYVPNw%26usqp%3DCAU/https/encrypted-tbn0.gstatic.com/images?format=webp',	'quiche-lorraine',	2,	'2024-02-26 14:02:16',	NULL,	'Etape 1 : Sunt aperiam provident qui ex nulla sed quos necessitatibus. Sed ut veniam eaque accusamus sunt eos ad.. Etape 2 : Nam nisi eaque est officiis commodi. Dolores quis iure ut quas quo est est. Delectus error a quae rerum iusto similique consequatur.. Etape 3 : Consequatur aliquid nostrum aut aut. Nam eum et eum non doloribus optio. Quaerat voluptatem animi fugiat ipsa expedita rerum.. Etape 4 : Voluptatem rerum dolor voluptate laborum culpa rerum sint. Quia perferendis sit aspernatur dolorum corporis maiores.'),
(7,	3,	5,	'Lasagnes',	'Assumenda quia voluptatem harum quos assumenda ad modi ut. Iusto nihil recusandae expedita et ipsa sapiente odio autem. Quo ullam qui dolores et alias molestiae voluptate. Quisquam et sed ea rerum.',	'https://images-ext-1.discordapp.net/external/mKRbH92vr8HWd9t-37MN-eHGl1-aE85MxyoEie5mJ0s/https/images.radio-canada.ca/v1/alimentation/recette/4x3/lasagne.jpg?format=webp&width=895&height=671',	'lasagnes',	3,	'2024-02-26 14:02:16',	NULL,	'Etape 1 : Ut doloribus sint quisquam. Ullam voluptatem doloremque sapiente corrupti. Dolores et non quas explicabo totam est.. Etape 2 : Omnis rerum velit esse veniam. Fugit quos tempore est aut. Similique quidem distinctio animi alias expedita nobis. Eos ut omnis in in at ipsam.. Etape 3 : Nam in ipsum est eum. Accusantium sit et et et magnam. Sunt id nisi minima doloremque.. Etape 4 : Quis dicta nihil possimus earum neque aut voluptatem. Sit occaecati sint laudantium est. Et voluptas asperiores consectetur delectus voluptates laborum voluptas delectus.'),
(8,	3,	6,	'Tarte aux pommes',	'Suscipit debitis nemo aut qui labore dolorum. Blanditiis pariatur molestiae qui eius mollitia qui neque. Quos tempora voluptas ratione aut enim.',	'https://images-ext-2.discordapp.net/external/CDnTkDJ_T-ZKFqOBJQP_1JEFp_nu-QSGFqjs5nCzkXE/%3Ffit%3D2560%252C1696%26ssl%3D1/https/i1.wp.com/www.la-gourmandise-avant-tout.com/wp-content/uploads/2020/11/tarte-aux-pomems-Cedric-Grolet-scaled.jpg?format=webp&width=1013&height=671',	'tarte-aux-pommes',	2,	'2024-02-26 14:02:16',	NULL,	'Etape 1 : Facilis ipsam ea libero accusantium cumque sit optio. Reiciendis alias ex delectus eos iste id.. Etape 2 : Eos exercitationem dolores enim. Iure eligendi voluptatibus iure. Et molestiae pariatur molestiae molestiae et dicta eum.. Etape 3 : Odit repellendus nobis aut est ea qui perspiciatis. Omnis voluptatem similique non enim id. Voluptatem quia minus laborum.. Etape 4 : Cum at hic est provident. Debitis dicta unde vero rem voluptas molestiae. Eos explicabo quisquam voluptas beatae ipsa perferendis.'),
(9,	1,	5,	'Sushi',	'Necessitatibus in repudiandae eum omnis in. Occaecati nostrum id fuga. Quia consectetur voluptatem architecto odio architecto.',	'https://images-ext-1.discordapp.net/external/AYFRP9Iy3V35bcZt_Au4xPus4UKIMJsytPK_LyuzcKI/https/fleurdesushi.fr/wp-content/uploads/2022/10/sushi-et-makis.jpg?format=webp',	'sushi',	3,	'2024-02-26 14:02:16',	NULL,	'Etape 1 : Ut mollitia eligendi delectus unde aut est ad quia. Rem dicta eum minus vel in. Id id quia sequi.. Etape 2 : Voluptatem placeat quia adipisci. Autem voluptatum voluptate provident consequuntur.. Etape 3 : Ab quos expedita nihil non maxime qui. Placeat voluptatem rerum voluptas placeat ut.. Etape 4 : Qui dolore dolores doloribus omnis. Minima fugiat reiciendis nihil eaque. Itaque quidem culpa maxime maxime ut unde.'),
(10,	2,	5,	'Burger',	'Reiciendis sit cumque nesciunt sunt. Magni cumque illum voluptatem tempore ut voluptatem ad. Tempora autem quo debitis soluta aut.',	'https://images-ext-2.discordapp.net/external/Jbxdi0e3Poj_0LjTEukRxrknemojktSb0KDztuKuLWg/https/d1ralsognjng37.cloudfront.net/5ba0e4cb-61aa-4786-9263-c5d0045a4c59.jpeg?format=webp&width=839&height=671',	'burger',	2,	'2024-02-26 14:02:16',	NULL,	'Etape 1 : Iusto illum rerum ut nihil est maxime. Reiciendis eveniet corporis et laboriosam. Cum tenetur quia non autem.. Etape 2 : Dicta qui aperiam aut rerum inventore eaque voluptatum dolor. Qui sapiente incidunt harum porro ea. Voluptatum voluptates nihil perferendis. Deserunt odio laborum iste laudantium omnis sint qui.. Etape 3 : Accusamus sint qui omnis est. Veritatis quas et molestiae qui. Qui et vel ut libero occaecati exercitationem. Omnis consequatur sed at veritatis.. Etape 4 : Cumque repudiandae id et eius. Sit sint non et nulla fuga perferendis. Quis corrupti ratione qui magnam veritatis aperiam. Voluptas ea illum et dolorem corrupti debitis.'),
(11,	2,	7,	'Moussaka',	'Totam fugit libero sit reprehenderit. Laboriosam non molestias consectetur ab. Doloribus commodi ipsum nisi velit quibusdam dolorum mollitia dolorem. Incidunt vel vel sed tempore.',	'https://images-ext-2.discordapp.net/external/ZXfLse5zqdEK_RdYIVTXB3jcI4Xu0Ar8oVnPGQ7PH8s/https/fac.img.pmdstatic.net/fit/http.3A.2F.2Fprd2-bone-image.2Es3-website-eu-west-1.2Eamazonaws.2Ecom.2Ffac.2F2018.2F07.2F30.2F21c3f8d6-d9da-4342-b608-6b4c3a7d906e.2Ejpeg/400x400/quality/80/crop-from/center/la-delicieuses-recette-de-moussaka-maison.jpeg?format=webp',	'moussaka',	1,	'2024-02-26 14:02:16',	NULL,	'Etape 1 : Enim odio et error laboriosam harum. Cupiditate qui veniam consectetur id maxime distinctio omnis. Eum cum a eius amet.. Etape 2 : Maxime molestiae nisi eaque hic nostrum corrupti. Ut tenetur et quo provident aliquid mollitia. Porro aut non quos reprehenderit et qui in.. Etape 3 : Corporis blanditiis omnis pariatur molestiae. Quisquam iure ut error aut. Totam est dolore eligendi et.. Etape 4 : Tenetur et eaque et voluptatum. Natus quae voluptatem et. Quasi quia quia perferendis repellat velit mollitia. Et aperiam ut hic sapiente nobis. Vel est nihil quia iure.'),
(12,	3,	7,	'Poulet tikka masala',	'Animi libero unde in aperiam ad. Nobis dolorem praesentium molestiae non consequatur. Officia voluptas consectetur dolores aut. Cum quia aut dolor sequi animi mollitia aperiam et.',	'https://images-ext-2.discordapp.net/external/a1BCkRrozA0VyhppiTY5OuTBON-dgqni20zvilhSpow/https/onvadeguster.com/wp-content/uploads/2020/09/poulet_tikka-1170x780.jpg?format=webp&width=1007&height=671',	'poulet-tikka-masala',	3,	'2024-02-26 14:02:17',	NULL,	'Etape 1 : Labore aut velit ut quia sit quae. Cumque ut dicta nesciunt architecto. Voluptatem dolores quis quo amet.. Etape 2 : Delectus consequatur quo fuga voluptas neque. Eum adipisci molestiae illum vel laboriosam. Officiis vero sequi fugit dolore.. Etape 3 : Quis earum corrupti et. Perferendis distinctio non corporis illo eum. At atque et officiis architecto ratione. Sed tempore odit cum.. Etape 4 : Est voluptas quo voluptas odio et voluptatem. Explicabo harum optio repudiandae illum. Sint incidunt nulla voluptatum dicta omnis autem. Quod modi officia provident.'),
(13,	2,	4,	'Couscous',	'Voluptas fuga voluptatem consequatur modi aut. Qui id blanditiis dolores odit. Nobis qui fugiat id velit autem possimus vero. Vel beatae voluptate et animi.',	'https://images-ext-2.discordapp.net/external/2e4WZ2WYT4zqF3OAhn-40lmBTxAq3ns4Jy3lSdhffl4/https/img.passeportsante.net/1200x675/2023-08-31/shutterstock-2147036917.webp?format=webp&width=1193&height=671',	'couscous',	3,	'2024-02-26 14:02:17',	NULL,	'Etape 1 : Nemo et dolor cupiditate fuga reiciendis ipsa animi. Voluptate est tenetur pariatur dolorum cum odit maxime a.. Etape 2 : Modi nihil enim quae rem. Consequatur sed quae rem omnis incidunt. Consequatur assumenda ducimus debitis. In nisi quia eos qui dignissimos.. Etape 3 : Fugiat sequi voluptatem vel vero quia. Doloremque qui vel dignissimos praesentium expedita. Perferendis et iusto et in sunt.. Etape 4 : Dolore est qui et magni nihil temporibus dicta. Cumque maiores quibusdam nemo iste omnis. Laboriosam nostrum natus ipsam nihil.'),
(14,	2,	4,	'Tacos',	'Alias aut veniam voluptate molestiae ut assumenda. Iusto ut error quia quibusdam accusamus error sunt voluptas. Ut mollitia dolore culpa consequatur tenetur nemo.',	'https://images-ext-1.discordapp.net/external/Zj7jRHlT6ihCMgL9aZknt8BjdJGrzmt8crn4Q4HRVB4/https/img.cuisineaz.com/660x660/2019/04/17/i146583-tacos-poulet-curry.jpeg?format=webp',	'tacos',	3,	'2024-02-26 14:02:17',	NULL,	'Etape 1 : Similique enim et possimus ipsam est sed dolore id. Ex ad at corrupti.. Etape 2 : In similique magni sit tenetur sequi quae. Cupiditate eum est enim alias mollitia. A excepturi repellendus iusto est qui a cumque. Rerum aut repellat magni accusamus est omnis est.. Etape 3 : Harum deserunt et aut maiores rem quam. Et omnis tempora repellat eum excepturi. Sunt pariatur amet adipisci autem voluptatem.. Etape 4 : Minus et alias sunt. Ut iure fugiat ea vel. Ratione commodi assumenda sunt quam.'),
(15,	1,	3,	'Gâteau au chocolat',	'Alias nulla ut id eum provident doloremque debitis corporis. Harum assumenda numquam eos. Eum ut voluptatum maxime ratione. Distinctio dolor deserunt quod.',	'https://images-ext-2.discordapp.net/external/E8CWg88k0iO5cyVapb3EVwbQyygoqUB6m2fnBigi1Qk/%3Ffit%3D1920%252C1080%26ssl%3D1/https/i0.wp.com/www.programme-malin.com/wp-content/uploads/2020/09/G%25C3%25A2teau-fondant-au-chocolat.jpg?format=webp&width=1193&height=671',	'gateau-au-chocolat',	1,	'2024-02-26 14:02:17',	NULL,	'Etape 1 : Iusto et optio et error non esse praesentium veritatis. Cupiditate et tempore et ut. Iure amet eum qui dolore nihil.. Etape 2 : Laboriosam aliquam voluptas molestiae quia error magni natus. Dolores voluptas ut aut aspernatur et. Deserunt quis autem distinctio facilis ducimus ipsum libero. Facilis et et a modi.. Etape 3 : Omnis voluptatum qui culpa. Qui dolorem sit aut laborum aut corrupti. Officiis esse amet hic explicabo tenetur deleniti nam.. Etape 4 : Asperiores cum aut dignissimos neque magnam. Dolor sunt a explicabo maiores neque pariatur. Officia ducimus quisquam omnis iste praesentium. Alias nemo illo non laboriosam.'),
(16,	2,	3,	'Salade niçoise',	'Voluptas enim reprehenderit eum voluptatem veniam alias. Esse a qui voluptatem deserunt ratione et omnis. Sed voluptas fugiat quia non tempore. Quisquam dolor sit deserunt ab quae mollitia officia.',	'https://images-ext-1.discordapp.net/external/hIyU539A2s_SGopaX4BZ3TyzMmDFw10snbsAVgtRIS0/https/lacuisinedegeraldine.fr/wp-content/uploads/2023/05/salade-nicoise-Geraldine-Leverd-98-2.jpg?format=webp&width=1007&height=671',	'salade-nicoise',	1,	'2024-02-26 14:02:17',	NULL,	'Etape 1 : Doloribus quidem autem alias tenetur molestiae repellendus quo. Dolorum aut quibusdam dolor odio rerum quia.. Etape 2 : Nobis maiores natus cumque id adipisci officia. Facilis quisquam ut fugiat est possimus. Laudantium consectetur rerum harum quod minus.. Etape 3 : Porro ab molestiae in eum. Alias repudiandae odio consequatur cum velit ut necessitatibus ea.. Etape 4 : Necessitatibus quia repellendus corrupti eum qui. Dolores repellendus consectetur molestiae sunt. Aut sapiente expedita odio ipsam molestias possimus explicabo.'),
(17,	3,	7,	'Paella',	'Sunt aut sit dolorem aut aut. Totam et ipsum aut eveniet porro et. Eaque qui repellendus enim corrupti animi dignissimos deleniti.',	'https://images-ext-2.discordapp.net/external/4_o78fhTM8INbmU2d_A2v-pEWoL6It91iVHsToDtS-c/https/media.hachette.fr/fit-in/750x488/10/2022-02/sans-titre-36.png?format=webp&quality=lossless',	'paella',	2,	'2024-02-26 14:02:17',	NULL,	'Etape 1 : Cumque omnis rerum distinctio qui qui. Temporibus molestias molestiae et commodi.. Etape 2 : Qui distinctio debitis porro ad enim fugiat. Aliquid quis doloremque quod vel voluptas qui ipsa. Quae qui consequatur sint natus quidem qui nobis.. Etape 3 : A et quia voluptas itaque. Beatae ab ipsum voluptatem non ut. Dolores est aut voluptatem neque.. Etape 4 : Eligendi ullam commodi eum cum pariatur animi. Enim non in laboriosam ea rerum saepe. Et explicabo earum rem porro. Blanditiis dolor quasi rem dignissimos.'),
(18,	1,	7,	'Poulet tandoori',	'Exercitationem voluptatem minima tempore soluta. Et saepe quam eum a. Laboriosam ab ut consequuntur modi. Perspiciatis neque reprehenderit dolorum minima voluptates molestiae.',	'https://images-ext-1.discordapp.net/external/NQthoJ1QzrZ9CdSKbtWDZP0koLtw8roOyJfszjGAM14/https/www.lesbiolles.com/wp-content/uploads/2020/05/Tandoori-scaled.jpg?format=webp&width=1007&height=671',	'poulet-tandoori',	2,	'2024-02-26 14:02:17',	NULL,	'Etape 1 : Aspernatur quae quis qui. Placeat deleniti aspernatur dolores omnis sed necessitatibus. Ullam eos sit rerum ullam qui.. Etape 2 : Sint sit necessitatibus soluta quo ad perferendis reprehenderit. Id in in a. Autem eius illo repellat necessitatibus neque minus ea.. Etape 3 : Perspiciatis consequatur exercitationem sequi excepturi eius. Ullam occaecati labore qui. Ut illo at porro facere.. Etape 4 : Ullam consequuntur iure cupiditate. Aut voluptatem et aut et aliquam illum sint. Est eligendi ipsam magnam et placeat. Quo et quos atque asperiores et omnis.'),
(19,	2,	3,	'Biryani',	'Voluptas autem autem est est molestiae. Aspernatur consequuntur tempora molestiae. Facere soluta eos nam est et voluptates. Expedita ut deleniti est non.',	'https://images-ext-2.discordapp.net/external/cWOSYQaYV2j6ScJX0kdnNjx8mx3ArBoW7f_UsiKAoZg/https/bangcurry.com/wp-content/uploads/2023/04/acf.555cbc174dab7190138b456b_1080x.jpg?format=webp',	'biryani',	2,	'2024-02-26 14:02:17',	NULL,	'Etape 1 : Sed ab qui perspiciatis quae. Et non voluptates et. Dolor quia corrupti ut.. Etape 2 : Possimus quo officia veniam. Blanditiis est fuga voluptatem. Hic sint officia omnis veniam quia in dolore.. Etape 3 : Ut in eum id neque quia officia. Voluptatem et fugiat laboriosam. Expedita excepturi cum assumenda quas vel. Ut ex vel et quasi.. Etape 4 : Sunt odit fuga nisi in. Non tempora velit dolorum voluptatem sequi. Veritatis dicta numquam perspiciatis accusantium. Impedit et quos veniam.'),
(20,	3,	4,	'Tarte au citron',	'Voluptas eveniet qui quo dolores numquam. Quod voluptatem vel libero minus. Harum laborum sit necessitatibus placeat blanditiis. Blanditiis ducimus vero quia cupiditate tempore voluptas.',	'https://images-ext-1.discordapp.net/external/AWmcuecfrCgK2XXZYNwQOH7s7Bco_LQIIRWnkEF0B0c/https/wordpress.potagercity.fr/wp-content/uploads/2019/01/tarte_citron-scaled.jpeg?format=webp&width=1007&height=671',	'tarte-au-citron',	2,	'2024-02-26 14:02:17',	NULL,	'Etape 1 : Dolore rem maxime et. Consequatur quidem et dolor. Atque omnis qui magni magnam.. Etape 2 : Doloremque molestiae ut et facere eos sunt. Ea aspernatur rerum reprehenderit dolore repellendus. Eos perspiciatis nobis eos omnis et dolores.. Etape 3 : Sit sit officia consequatur et ab et facilis. Sint ut aut sequi aut ea expedita occaecati. Molestiae quia officia dicta suscipit quidem iure.. Etape 4 : Cumque error odit temporibus. Est et fugit nam libero nostrum soluta. Voluptatum numquam quis doloribus aut aut aut laborum. Hic dicta aspernatur voluptatem rerum quisquam.'),
(21,	1,	6,	'Gnocchi',	'Maxime praesentium ut voluptas. Vero at maxime ratione ut sit perspiciatis eius. Sapiente aut natus suscipit ut ut in ratione est.',	'https://images-ext-2.discordapp.net/external/6JSi5hYWJM8sH02ukWjHIPTZGjOVg8h0_rtdNv-oN7c/%3Ft%3Dcrop%26x%3D0.000%26y%3D0.295%26width%3D1.000%26height%3D0.600/https/dxm.dam.savencia.com/api/wedia/dam/transform/fix635d9eidk6meq7x7d81pwxaz83nikbuzzuzy/original.jpg?format=webp&width=1118&height=671',	'gnocchi',	2,	'2024-02-26 14:02:17',	NULL,	'Etape 1 : Quod ipsum ea et velit. Expedita aperiam animi natus quae ipsa.. Etape 2 : Corrupti in molestiae nemo et. Cupiditate odit molestiae aut et facere.. Etape 3 : Blanditiis est odit culpa amet. Repellat qui est laboriosam qui dolorem. Sed eligendi sunt nulla consectetur. Id autem veritatis ut aperiam.. Etape 4 : Ipsa possimus aut aut magnam doloribus et et. Reiciendis voluptas culpa labore eos odit et repudiandae. Ad enim in vel veniam illum rerum perspiciatis.'),
(22,	2,	4,	'Crevettes grillées',	'Sapiente fuga non sit doloremque nihil quibusdam amet. Velit corporis ut sit voluptas accusamus et laboriosam. Magni quisquam non dolorem et ex est esse. Ut est est blanditiis magnam.',	'https://images-ext-1.discordapp.net/external/oXydg4e4Fgf1MQb3v1t0RVPFq3_P7GBCLeaNJeWRz0g/https/ileauxepices.com/blog/wp-content/uploads/2016/02/crevettes-grill%25C3%25A9es-au-piment-et-yuzu.jpg?format=webp',	'crevettes-grillees',	1,	'2024-02-26 14:02:17',	NULL,	'Etape 1 : Et nam alias natus maxime fuga. Animi at enim vel. Nihil et ullam quaerat vero maxime vero dignissimos.. Etape 2 : Voluptatibus occaecati doloremque quod consequatur nihil necessitatibus in. Quae nemo dolorum sed cupiditate. Explicabo expedita numquam corrupti eum et ex saepe.. Etape 3 : Omnis consectetur officiis vel optio quos voluptate voluptatum. Doloremque dolorem maxime et itaque.. Etape 4 : Est voluptas nemo sit aut ut fugiat. Voluptatibus et nisi optio sapiente.'),
(23,	3,	5,	'Fondue savoyarde',	'Hic molestias et repellendus voluptas. Cumque et voluptas assumenda.',	'https://images-ext-2.discordapp.net/external/12ZFoh56euvyrtmkqrwSlX9qTedriEO3iorbvLTpxJ4/https/assets.afcdn.com/recipe/20161130/59380_w1024h768c1cx2808cy1872.webp?format=webp&width=895&height=671',	'fondue-savoyarde',	1,	'2024-02-26 14:02:17',	NULL,	'Etape 1 : At ipsum sint mollitia ullam rerum non quo. Dolores magni officia porro quo similique. Eaque et nemo reiciendis magni.. Etape 2 : Sequi sed assumenda sit. Et dolor ad exercitationem aut quo ipsum quis necessitatibus. Explicabo sequi omnis eligendi quam.. Etape 3 : Ut sint numquam vero voluptas nemo. Voluptatem possimus quia qui earum doloremque consectetur. Et amet eius labore deserunt.. Etape 4 : Cupiditate ab sunt est sit enim voluptates. Nihil quia quae reprehenderit. Quos veniam voluptatem eum non iusto aut. Rerum rerum assumenda voluptatem nobis provident.'),
(24,	3,	3,	'Risotto aux champignons',	'Blanditiis numquam voluptates natus aut rem quam. A est rem doloremque occaecati. Et quas maiores possimus ducimus reiciendis dolorem. Dolores tempora nemo vel fugiat.',	'https://images-ext-2.discordapp.net/external/lvUjHtNrQR9IyzwIxlzdG9r2t-wDfrG_NSmhB6tpZ_g/https/www.cookomix.com/wp-content/uploads/2018/04/risotto-poulet-champignons-thermomix.jpg?format=webp',	'risotto-aux-champignons',	3,	'2024-02-26 14:02:17',	NULL,	'Etape 1 : Incidunt et eligendi sit minima. Eum cum error mollitia quia. Ut accusantium amet voluptas saepe est non quibusdam.. Etape 2 : Perferendis ipsam impedit qui autem mollitia fugiat dolorum aut. Magnam fugiat sequi ut quae temporibus qui.. Etape 3 : Illo qui harum et ad nostrum quam nulla. Id et est asperiores veniam. Aut provident ex eius. Asperiores dolorum officia cumque dicta porro quis qui.. Etape 4 : Corporis velit corrupti consequuntur sed iste ullam. Sit voluptatibus et earum et fuga. Officia magnam sint aspernatur provident ipsum distinctio aliquam nulla.'),
(25,	2,	4,	'Pizza margherita',	'Ut labore sit et ad. Reiciendis eos tempora ea ut.',	'https://images-ext-2.discordapp.net/external/6jaq5pEyAxE3sVxzkOk_7_TAFtyccjUTS5demDNeIKg/https/www.lesrecettesvegan.com/wp-content/uploads/2020/06/Recette-Pizza-Margherita-v%25C3%25A9g%25C3%25A9talienne.png?format=webp&quality=lossless&width=895&height=671',	'pizza-margherita',	4,	'2024-02-26 14:02:17',	NULL,	'Etape 1 : Aut recusandae illo voluptas voluptatem neque. Molestiae enim veritatis unde et voluptatibus quasi sapiente.. Etape 2 : Ut quisquam beatae sit aut. Et quia sequi distinctio ullam vitae esse. Et omnis in quis et maiores. Perspiciatis qui accusantium autem quia.. Etape 3 : Minus maiores temporibus possimus aliquam. Non aut quidem sint laboriosam fugit. Perferendis cupiditate enim dolores illum atque.. Etape 4 : Eaque nulla eligendi animi laudantium. Delectus quisquam qui omnis omnis. Possimus explicabo non dignissimos ratione corporis omnis. Dolorum earum qui omnis dolor.'),
(26,	2,	5,	'Tiramisu',	'Reprehenderit qui libero est voluptates aliquam facere pariatur. Est magnam omnis est velit. Et consequatur vel ex provident ipsam.',	'https://images-ext-2.discordapp.net/external/OeepnJdHWjHok9wq77hOpW9Fs2HlCLDYIUgdCbjeYio/https/www.galbani.fr/wp-content/uploads/2020/10/Tiramisu-au-caf%25C3%25A9-1.jpg?format=webp&width=1007&height=671',	'tiramisu',	1,	'2024-02-26 14:02:17',	NULL,	'Etape 1 : Et hic quo est quidem. Quia aut maxime maxime quo omnis vitae aliquid. Facere pariatur tempora in blanditiis est nobis.. Etape 2 : Modi perspiciatis aliquam est qui dolores voluptatum impedit. Vel aspernatur et est nihil dolores alias quia. Ipsa dolores ullam iure ut voluptates et.. Etape 3 : Laboriosam qui quia autem ex aut. Laborum ipsum nobis maiores harum magni quasi. Tenetur rerum non eveniet deleniti ea nesciunt ut qui.. Etape 4 : Voluptatem deserunt qui eveniet et perferendis. Rem est corrupti molestias. Ipsa voluptatem sit quia et non. Voluptas quae sunt sint itaque et vitae.'),
(27,	3,	6,	'Poulet au curry',	'Aut cumque aut iure et. Et in corporis aspernatur. Ratione ipsam dicta est et velit voluptates.',	'https://images-ext-1.discordapp.net/external/fyqtDq128BThpo1ktHp1zhPvPokBH8cfchxCuzj-_Zs/https/s3-eu-west-1.amazonaws.com/images-ca-1-0-1-eu/recipe_photos/original/200224/Filets-de-poulet-au-curry-696x437.jpg?format=webp',	'poulet-au-curry',	1,	'2024-02-26 14:02:17',	NULL,	'Etape 1 : Quis ut eum quasi architecto. Nemo debitis aut nulla numquam occaecati porro sed.. Etape 2 : Et eius quibusdam exercitationem. Fuga sed qui itaque eum saepe sunt. Laboriosam sunt voluptatem id labore quia saepe ea.. Etape 3 : Nostrum voluptates impedit ipsum. Repellendus necessitatibus harum nisi et. Maxime impedit rem animi dignissimos sunt.. Etape 4 : Sunt placeat non rerum vitae ipsum ab. Quo quos qui magnam fugit. Impedit facere ad assumenda ullam voluptas quod inventore illo.'),
(28,	3,	4,	'Soupe à l\'oignon',	'Reiciendis unde ducimus porro labore. Voluptas culpa impedit laudantium a facere soluta sed voluptatum. Est ea aut quia officiis. Commodi iste voluptatem repellendus ut odio qui et.',	'https://images-ext-2.discordapp.net/external/r65os4-Kkur3waMNFT3INwsaWs5jQNk-vevXjTgQG0E/https/assets.afcdn.com/recipe/20181012/82641_w1024h1024c1cx2136cy1424cxt0cyt0cxb4272cyb2848.jpg?format=webp&width=671&height=671',	'soupe-a-l-oignon',	2,	'2024-02-26 14:02:17',	NULL,	'Etape 1 : Dolorem eum sit consequatur molestiae aperiam nostrum ut. Ab id aut repellendus sed veniam.. Etape 2 : Explicabo beatae consectetur ut omnis ipsam quasi. Numquam animi aut vel dolorem consequuntur fugiat. Repudiandae et deleniti sed.. Etape 3 : Nostrum saepe eaque vel aliquid. Eaque aspernatur aliquam dolores recusandae aliquam. Dolorem iure ea beatae.. Etape 4 : Non id voluptatem voluptas veniam. Dolor ut dolor laboriosam labore reprehenderit consequatur qui. Quasi quia totam quam dolores itaque placeat maxime eos.'),
(29,	3,	5,	'Chili con carne',	'Nemo voluptas enim repellendus sint unde. Exercitationem unde id consectetur ex aliquid ut. Commodi repudiandae voluptatibus modi est eaque et nemo aliquid.',	'https://images-ext-1.discordapp.net/external/-4f-1g6aCGjfS1s0oOzLnw-oOHDFxiSRggEq2HbhpY0/https/assets.afcdn.com/recipe/20211222/126214_w1024h576c1cx1124cy721cxt0cyt0cxb2119cyb1415.webp?format=webp',	'chili-con-carne',	2,	'2024-02-26 14:02:17',	NULL,	'Etape 1 : Dolorem quam amet et voluptatum. Fugiat est ut fugit dolorum est neque. Explicabo porro beatae dolores nam magni.. Etape 2 : Quia voluptatem repellendus est. Et expedita eum illo iste id. Praesentium et expedita corporis aut aut et. Eveniet commodi enim earum in quia cupiditate.. Etape 3 : Impedit ratione hic quo autem. Deleniti illo voluptatem consectetur itaque velit ut. Iste dolores earum ratione enim hic.. Etape 4 : Deserunt eum dolores laudantium voluptas. Labore beatae illo eius officia expedita minus. Consequatur impedit aut odit voluptas placeat rerum pariatur.'),
(30,	1,	5,	'Sushi california',	'Maxime ea blanditiis quae. Eaque est ad quia omnis rerum. Fugit illo optio animi esse soluta dicta.',	'https://images-ext-2.discordapp.net/external/ee7DmONf8gaOnbm26f3csZGKQ7uLozOVj4u25BLHkNo/https/www.lebaligan-sushi.fr/wp-content/uploads/2021/07/signature-crispy-roll-scaled.jpeg?format=webp&width=1255&height=671',	'sushi-california',	3,	'2024-02-26 14:02:17',	NULL,	'Etape 1 : Eos rerum qui et sit repellendus repellendus ut. Sed voluptatibus tenetur sit ut.. Etape 2 : Sed occaecati numquam dignissimos. Quibusdam non qui velit voluptate. Deleniti est mollitia voluptatem saepe nulla doloribus tenetur.. Etape 3 : Modi quasi sed commodi dolorem corporis enim. Sapiente sit unde aut id. Cum blanditiis saepe qui voluptas labore aut qui.. Etape 4 : In et ipsam corporis quibusdam qui. Molestiae assumenda aut consequatur aliquam. Velit quia nesciunt dolorem dolore labore recusandae facilis.');

DROP TABLE IF EXISTS `recipe_tag`;
CREATE TABLE `recipe_tag` (
  `recipe_id` int(11) NOT NULL,
  `tag_id` int(11) NOT NULL,
  PRIMARY KEY (`recipe_id`,`tag_id`),
  KEY `IDX_72DED3CF59D8A214` (`recipe_id`),
  KEY `IDX_72DED3CFBAD26311` (`tag_id`),
  CONSTRAINT `FK_72DED3CF59D8A214` FOREIGN KEY (`recipe_id`) REFERENCES `recipe` (`id`) ON DELETE CASCADE,
  CONSTRAINT `FK_72DED3CFBAD26311` FOREIGN KEY (`tag_id`) REFERENCES `tag` (`id`) ON DELETE CASCADE
) ENGINE=InnoDB DEFAULT CHARSET=utf8mb4 COLLATE=utf8mb4_unicode_ci;

INSERT INTO `recipe_tag` (`recipe_id`, `tag_id`) VALUES
(1,	4),
(1,	8),
(1,	13),
(2,	2),
(2,	7),
(2,	11),
(3,	5),
(3,	10),
(3,	14),
(4,	2),
(4,	7),
(4,	12),
(5,	5),
(5,	7),
(5,	11),
(6,	4),
(6,	7),
(6,	13),
(7,	2),
(7,	9),
(7,	12),
(8,	4),
(8,	9),
(8,	11),
(9,	3),
(9,	8),
(9,	13),
(10,	2),
(10,	7),
(10,	12),
(11,	1),
(11,	10),
(11,	13),
(12,	2),
(12,	9),
(12,	11),
(13,	4),
(13,	8),
(13,	11),
(14,	5),
(14,	8),
(14,	13),
(15,	3),
(15,	8),
(15,	13),
(16,	4),
(16,	6),
(16,	13),
(17,	1),
(17,	7),
(17,	11),
(18,	2),
(18,	6),
(18,	12),
(19,	4),
(19,	8),
(19,	14),
(20,	5),
(20,	9),
(20,	13),
(21,	1),
(21,	7),
(21,	12),
(22,	5),
(22,	7),
(22,	11),
(23,	1),
(23,	10),
(23,	12),
(24,	1),
(24,	7),
(24,	12),
(25,	3),
(25,	7),
(25,	12),
(26,	4),
(26,	8),
(26,	13),
(27,	4),
(27,	7),
(27,	14),
(28,	3),
(28,	9),
(28,	11),
(29,	5),
(29,	8),
(29,	13),
(30,	1),
(30,	6),
(30,	11);

DROP TABLE IF EXISTS `recipe_user`;
CREATE TABLE `recipe_user` (
  `recipe_id` int(11) NOT NULL,
  `user_id` int(11) NOT NULL,
  PRIMARY KEY (`recipe_id`,`user_id`),
  KEY `IDX_F2888C9659D8A214` (`recipe_id`),
  KEY `IDX_F2888C96A76ED395` (`user_id`),
  CONSTRAINT `FK_F2888C9659D8A214` FOREIGN KEY (`recipe_id`) REFERENCES `recipe` (`id`) ON DELETE CASCADE,
  CONSTRAINT `FK_F2888C96A76ED395` FOREIGN KEY (`user_id`) REFERENCES `user` (`id`) ON DELETE CASCADE
) ENGINE=InnoDB DEFAULT CHARSET=utf8mb4 COLLATE=utf8mb4_unicode_ci;

INSERT INTO `recipe_user` (`recipe_id`, `user_id`) VALUES
(18,	2);

DROP TABLE IF EXISTS `recipe_ustensil`;
CREATE TABLE `recipe_ustensil` (
  `recipe_id` int(11) NOT NULL,
  `ustensil_id` int(11) NOT NULL,
  PRIMARY KEY (`recipe_id`,`ustensil_id`),
  KEY `IDX_969633FB59D8A214` (`recipe_id`),
  KEY `IDX_969633FBE62544B2` (`ustensil_id`),
  CONSTRAINT `FK_969633FB59D8A214` FOREIGN KEY (`recipe_id`) REFERENCES `recipe` (`id`) ON DELETE CASCADE,
  CONSTRAINT `FK_969633FBE62544B2` FOREIGN KEY (`ustensil_id`) REFERENCES `ustensil` (`id`) ON DELETE CASCADE
) ENGINE=InnoDB DEFAULT CHARSET=utf8mb4 COLLATE=utf8mb4_unicode_ci;

INSERT INTO `recipe_ustensil` (`recipe_id`, `ustensil_id`) VALUES
(1,	2),
(1,	8),
(1,	14),
(1,	19),
(2,	5),
(2,	11),
(2,	17),
(2,	20),
(3,	3),
(3,	12),
(3,	16),
(3,	20),
(4,	1),
(4,	10),
(4,	14),
(4,	21),
(5,	6),
(5,	7),
(5,	17),
(5,	22),
(6,	6),
(6,	9),
(6,	16),
(6,	20),
(7,	5),
(7,	7),
(7,	16),
(7,	19),
(8,	5),
(8,	11),
(8,	17),
(8,	21),
(9,	3),
(9,	10),
(9,	16),
(9,	20),
(10,	4),
(10,	13),
(10,	15),
(10,	22),
(11,	5),
(11,	11),
(11,	14),
(11,	20),
(12,	5),
(12,	12),
(12,	16),
(12,	21),
(13,	2),
(13,	13),
(13,	16),
(13,	21),
(14,	1),
(14,	12),
(14,	16),
(14,	19),
(15,	3),
(15,	8),
(15,	16),
(15,	22),
(16,	5),
(16,	9),
(16,	17),
(16,	20),
(17,	5),
(17,	8),
(17,	17),
(17,	20),
(18,	4),
(18,	13),
(18,	16),
(18,	21),
(19,	6),
(19,	9),
(19,	14),
(19,	22),
(20,	2),
(20,	12),
(20,	16),
(20,	20),
(21,	3),
(21,	9),
(21,	16),
(21,	19),
(22,	2),
(22,	7),
(22,	17),
(22,	19),
(23,	4),
(23,	7),
(23,	16),
(23,	22),
(24,	1),
(24,	7),
(24,	18),
(24,	20),
(25,	2),
(25,	13),
(25,	15),
(25,	20),
(26,	2),
(26,	9),
(26,	17),
(26,	19),
(27,	5),
(27,	12),
(27,	17),
(27,	19),
(28,	6),
(28,	13),
(28,	17),
(28,	22),
(29,	2),
(29,	13),
(29,	16),
(29,	20),
(30,	5),
(30,	8),
(30,	17),
(30,	21);

DROP TABLE IF EXISTS `tag`;
CREATE TABLE `tag` (
  `id` int(11) NOT NULL AUTO_INCREMENT,
  `name` varchar(255) NOT NULL,
  PRIMARY KEY (`id`)
) ENGINE=InnoDB DEFAULT CHARSET=utf8mb4 COLLATE=utf8mb4_unicode_ci;

INSERT INTO `tag` (`id`, `name`) VALUES
(1,	'Végétarien'),
(2,	'Réconfortant'),
(3,	'Eté'),
(4,	'Hiver'),
(5,	'Automne'),
(6,	'Printemps'),
(7,	'Rapide'),
(8,	'Facile'),
(9,	'Moyen'),
(10,	'Difficile'),
(11,	'Sans-gluten'),
(12,	'Végétalien'),
(13,	'Peu calorique'),
(14,	'Cuisine du monde');

DROP TABLE IF EXISTS `tip`;
CREATE TABLE `tip` (
  `id` int(11) NOT NULL AUTO_INCREMENT,
  `title` varchar(255) NOT NULL,
  `content` longtext NOT NULL,
  `picture` longtext NOT NULL,
  `slug` varchar(255) DEFAULT NULL,
  PRIMARY KEY (`id`)
) ENGINE=InnoDB DEFAULT CHARSET=utf8mb4 COLLATE=utf8mb4_unicode_ci;

INSERT INTO `tip` (`id`, `title`, `content`, `picture`, `slug`) VALUES
(1,	'Des herbes fraîches pour rehausser le goût.',	'Officiis placeat corrupti deserunt rerum. Dolor consectetur veritatis ut earum. Eum ipsa ut sit. Eum qui alias rerum deserunt esse. Nostrum non accusantium rerum reiciendis. Sunt sit blanditiis rerum quae. Aliquam facilis quas id hic qui sequi officiis illum. Amet soluta possimus placeat velit. Iure aliquam dolores ut sapiente porro reiciendis neque. Dolorem dolorem est recusandae minima maiores nam voluptate quasi.',	'https://via.placeholder.com/300x480.png/003377?text=Des+herbes+fra%C3%AEches+pour+rehausser+le+go%C3%BBt.+perspiciatis',	'des-herbes-fraiches-pour-rehausser-le-gout'),
(2,	'Maîtrisez la cuisson des œufs.',	'Eaque excepturi iste omnis libero. Quia debitis placeat quo aut qui. Qui et sed hic. Ut suscipit nemo aut distinctio cupiditate et occaecati voluptas. Est quae molestias et numquam. Asperiores nesciunt eos nisi eveniet fugit officiis repellendus quia. Sit excepturi amet odit dolores est occaecati sunt. Quasi dicta at aperiam repellat a sequi quia. Saepe ratione illum velit aut adipisci quasi. Fugit quo quia in voluptas placeat.',	'https://via.placeholder.com/300x480.png/001199?text=Ma%C3%AEtrisez+la+cuisson+des+%C5%93ufs.+animi',	'maitrisez-la-cuisson-des-oeufs'),
(3,	'Préparez ses repas à l\'avance.',	'Aut iusto tempora ut aut velit sed eos. Et et rerum nemo voluptas in quasi. Dolorem exercitationem dolor voluptates suscipit. Totam dolores reprehenderit quo provident. Aliquam dolorem impedit eum. Fuga perspiciatis quasi et omnis veniam doloribus. Nisi voluptatem aut ipsa fugit. Et quia dolor dolorem labore aliquam qui sint voluptas. Est qui eveniet in deleniti. Esse facere animi qui incidunt.',	'https://via.placeholder.com/300x480.png/0022aa?text=Pr%C3%A9parez+ses+repas+%C3%A0+l%27avance.+consequuntur',	'preparez-ses-repas-a-l-avance'),
(4,	'Des restes pour éviter le gaspillage.',	'Et voluptatem ad tenetur iure et ab rerum. Amet esse dignissimos rerum saepe nulla debitis. Quia veritatis et molestiae consequatur id tenetur. Quibusdam maiores eligendi voluptas architecto quia magni labore. Non voluptatum vel veritatis est nam iure. Delectus cupiditate tempora illum. Accusantium harum perferendis ea velit. Ipsa est qui et voluptatem. Consequatur sed minima voluptas voluptatem ut.',	'https://via.placeholder.com/300x480.png/00ff77?text=Des+restes+pour+%C3%A9viter+le+gaspillage.+qui',	'des-restes-pour-eviter-le-gaspillage'),
(5,	'Oui, aux épices exotiques !',	'Aut voluptatum nobis reiciendis repudiandae iste aliquam velit qui. At adipisci rerum ad repellendus fuga. Qui consequuntur vitae aspernatur quis excepturi ut sapiente. Nesciunt harum tenetur odio. Doloribus quod laboriosam error vel. In ut qui dolorem blanditiis nemo. Voluptatem et doloremque officia id.',	'https://via.placeholder.com/300x480.png/001199?text=Oui%2C+aux+%C3%A9pices+exotiques+%21+voluptatem',	'oui-aux-epices-exotiques'),
(6,	'Des sauces maisons ? Rien de plus simple !',	'Ut expedita perferendis rerum. Et voluptatem velit ad. Ipsa omnis in totam voluptatem. Rerum veniam alias nobis eum et expedita. Sequi est consequuntur quia. Nemo sunt necessitatibus quasi doloremque asperiores rerum voluptatem. Fuga officiis et et totam officiis sit in. Explicabo occaecati esse molestias qui odio nesciunt. Voluptatem architecto qui voluptatem repudiandae vel nam. Qui aut dolorem aut nemo et. Officia nobis aut autem officiis. Omnis voluptatem repudiandae error distinctio.',	'https://via.placeholder.com/300x480.png/00aacc?text=Des+sauces+maisons+%3F+Rien+de+plus+simple+%21+ratione',	'des-sauces-maisons-rien-de-plus-simple'),
(7,	'Gardez vos couteaux bien aiguisés.',	'Eum voluptatem rerum nesciunt ea reiciendis. Ullam et sed ipsam saepe. Voluptas consequuntur molestias sequi rerum aut. Sunt aut ut adipisci et. Laborum asperiores officiis iste laudantium dolorum eos. Numquam aperiam culpa inventore impedit perferendis. Repellat soluta illo aut sapiente consequatur minima. Cumque corrupti non iure quaerat fugit laborum. Sapiente quos quidem et excepturi et. Tempora impedit ad voluptatem neque illo consequuntur consequatur.',	'https://via.placeholder.com/300x480.png/00bb88?text=Gardez+vos+couteaux+bien+aiguis%C3%A9s.+quia',	'gardez-vos-couteaux-bien-aiguises'),
(8,	'Bien cuire ses légumineuses.',	'Molestias ipsa expedita id beatae necessitatibus voluptatum eos. Ut earum at dolores. Consequatur eius iure eveniet repellendus. Fuga itaque iste aliquam atque quia. Asperiores nobis aut nihil iure. Quaerat ipsam quasi quia voluptate. Ipsa eius delectus iusto beatae repellat laboriosam cupiditate omnis. Labore est aut ut expedita. Incidunt voluptatem nihil qui illum rerum. Cum nam rerum est autem et. Incidunt officia totam blanditiis sit consectetur.',	'https://via.placeholder.com/300x480.png/009999?text=Bien+cuire+ses+l%C3%A9gumineuses.+eaque',	'bien-cuire-ses-legumineuses');

DROP TABLE IF EXISTS `user`;
CREATE TABLE `user` (
  `id` int(11) NOT NULL AUTO_INCREMENT,
  `email` varchar(180) NOT NULL,
  `roles` longtext CHARACTER SET utf8mb4 COLLATE utf8mb4_bin NOT NULL COMMENT '(DC2Type:json)' CHECK (json_valid(`roles`)),
  `password` varchar(255) NOT NULL,
  `name` varchar(255) NOT NULL,
  PRIMARY KEY (`id`),
  UNIQUE KEY `UNIQ_8D93D649E7927C74` (`email`)
) ENGINE=InnoDB DEFAULT CHARSET=utf8mb4 COLLATE=utf8mb4_unicode_ci;

INSERT INTO `user` (`id`, `email`, `roles`, `password`, `name`) VALUES
(1,	'admin@admin.fr',	'[\"ROLE_ADMIN\"]',	'$2y$13$Lo5cm4V7AdLboG.kHasfduS1KxZJHuicfV.zI/jDY9LaFbpWTZvaG',	'Admin'),
(2,	'manager@manager.fr',	'[\"ROLE_MANAGER\"]',	'$2y$13$PscmDm0ImH61MAFLaDVGduLxSSfWtRbaICNw9t2XMjlYyAADBd6J.',	'Manager'),
(3,	'francois99@bourdon.com',	'[\"ROLE_USER\"]',	'$2y$10$o9e45vhYz46RC4/isUM9YuxWxxYdfskxmAHRkyAWHZZUbTIr41UI.',	'Victoiredu17'),
(4,	'thibault.gomes@poirier.fr',	'[\"ROLE_USER\"]',	'$2y$10$qYOadx17D5Fq41BcU2UX1eaBChOMvGpjSt.K8/mqyUIpqssJVYR7u',	'Bernarddu67'),
(5,	'blondel.claude@laposte.net',	'[\"ROLE_USER\"]',	'$2y$10$LgOLiF9vcmL2yYCzirfoaOEQOM/RfGgdpm55rLJvQNDsQ.EkWT8S6',	'Valentinedu18'),
(6,	'arthur36@guyot.com',	'[\"ROLE_USER\"]',	'$2y$10$6.UmfMo8KUwWfVmy3pfA..Q1BdGbeIM9BaURHX/wh0YFIvD.sn9Xy',	'Huguesdu97'),
(7,	'celina.blanchard@tele2.fr',	'[\"ROLE_USER\"]',	'$2y$10$c6/cSDZBLTUDhcMDUW4rNugqvUkomyYqE5E73n.KSHV7HFoexaNH2',	'Éricdu97');

DROP TABLE IF EXISTS `ustensil`;
CREATE TABLE `ustensil` (
  `id` int(11) NOT NULL AUTO_INCREMENT,
  `name` varchar(255) NOT NULL,
  PRIMARY KEY (`id`)
) ENGINE=InnoDB DEFAULT CHARSET=utf8mb4 COLLATE=utf8mb4_unicode_ci;

INSERT INTO `ustensil` (`id`, `name`) VALUES
(1,	'Moule'),
(2,	'Casseroles'),
(3,	'Spatule'),
(4,	'Cuillère en bois'),
(5,	'Fouet'),
(6,	'Louche'),
(7,	'Couteau de chef'),
(8,	'Planche à découper'),
(9,	'Passoire'),
(10,	'Écumoire'),
(11,	'Pelle à pizza'),
(12,	'Cuillère à mesure'),
(13,	'Balance de cuisine'),
(14,	'Entonnoir'),
(15,	'Presse-ail'),
(16,	'Épluche-légumes'),
(17,	'Économe'),
(18,	'Mandoline'),
(19,	'Râpe'),
(20,	'Fouet électrique'),
(21,	'Batteur électrique'),
(22,	'Mixeur plongeant');

-- 2024-02-27 13:12:33